<?xml version="1.0" encoding="utf-8"?>
<resources>
    <string name="app_name">Ch08存取偏好檔資料</string>
    <string name="tvPtName">品名</string>
    <string name="etItName">Samsung手機</string>
    <string name="tvPtPrice">價格</string>
    <string name="etItPrice">18,000</string>
    <string name="btPtBut1">儲存字體偏好</string>
    <string name="btPtBut2">改變字體</string>
    <string name="btPtBut3">載入字體偏好</string>
    <string name="htItName"></string>
    <string name="htItPrice"></string>
</resources>
